{
    "loss": 1.9810130596160889,
    "accuracy": 0.8273381590843201
}